{"batch_time": [129.00784492492676, 128.33326935768127, 127.93126344680786, 127.64645481109619, 126.84775805473328], "communication_time": [70.76916670799255, 70.62936353683472, 69.96887135505676, 69.58285307884216, 69.06609892845154], "computing_time": [12.966737270355225, 12.047694683074951, 12.044276714324951, 12.079324007034302, 12.153692245483398], "train_loss": [2.1336629638671876, 1.7254930681228637, 1.5271418219566346, 1.3380548647880555, 1.1832601425170899], "test_acc": [28.229999542236328, 38.209999084472656, 47.52000045776367, 50.57999801635742, 52.57999801635742], "total_time": 639.7665905952454}