{"batch_time": [128.93254399299622, 128.1243097782135, 127.71675705909729, 127.4009644985199, 126.61138725280762], "communication_time": [70.76931571960449, 70.62949824333191, 69.96879577636719, 69.5831687450409, 69.06661128997803], "computing_time": [12.425925493240356, 11.661298513412476, 11.789543867111206, 12.01218843460083, 11.867869138717651], "train_loss": [2.1199236526489256, 1.7044495416641234, 1.503462069606781, 1.3342334784507752, 1.1866110146522522], "test_acc": [35.37999725341797, 42.73999786376953, 48.849998474121094, 57.19999694824219, 51.439998626708984], "total_time": 638.7859625816345}