{"batch_time": [128.97065138816833, 128.18413853645325, 127.71890902519226, 127.44187426567078, 126.63708591461182], "communication_time": [70.76965308189392, 70.6296808719635, 69.96931314468384, 69.58330035209656, 69.06667184829712], "computing_time": [12.611986637115479, 11.847892999649048, 11.915050506591797, 12.10870909690857, 12.04883074760437], "train_loss": [2.09944933052063, 1.7065827823638915, 1.5091197439193726, 1.3228651087760925, 1.1747635680675506], "test_acc": [33.72999954223633, 39.0099983215332, 46.7599983215332, 57.75, 56.38999938964844], "total_time": 638.9526591300964}