{"batch_time": [128.90456986427307, 128.07959985733032, 127.62357306480408, 127.32813787460327, 126.57093167304993], "communication_time": [70.76983499526978, 70.63039469718933, 69.96990871429443, 69.58417654037476, 69.06783747673035], "computing_time": [11.800663471221924, 11.125861406326294, 11.14780569076538, 11.153958559036255, 11.173460960388184], "train_loss": [2.152712091064453, 1.7446793600082398, 1.5451921840667724, 1.3911738446235657, 1.2492614624977112], "test_acc": [30.189998626708984, 42.91999816894531, 45.7599983215332, 54.599998474121094, 60.96999740600586], "total_time": 638.5068123340607}