{"batch_time": [129.01252794265747, 128.23174333572388, 127.65076541900635, 127.37733244895935, 126.60397005081177], "communication_time": [70.76897358894348, 70.63044476509094, 69.96966123580933, 69.58688712120056, 69.0670428276062], "computing_time": [14.192003965377808, 13.041576862335205, 12.988529205322266, 13.104619026184082, 13.016515016555786], "train_loss": [2.168738244056702, 1.7419901891708374, 1.5514900159835816, 1.373066399383545, 1.2315522910118104], "test_acc": [28.639999389648438, 36.20000076293945, 42.72999954223633, 50.5099983215332, 49.34000015258789], "total_time": 638.8763391971588}